ix,iy,median_rssi,mean_rssi,std_rssi,count,n_paths,x_m,y_m
61,155,-76.5,-76.5,0.7071067811865476,2,2,123.0,311.0
62,153,-81.5,-81.5,0.7071067811865476,2,2,125.0,307.0
62,154,-80.0,-80.0,,1,1,125.0,309.0
62,155,-80.0,-80.0,,1,1,125.0,311.0
63,154,-83.5,-83.5,4.949747468305833,2,1,127.0,309.0
65,162,-77.5,-77.5,6.363961030678928,2,2,131.0,325.0
65,163,-76.5,-76.5,0.7071067811865476,2,1,131.0,327.0
65,164,-87.0,-87.66666666666667,13.012814197295423,3,1,131.0,329.0
66,156,-95.0,-95.0,,1,1,133.0,313.0
69,153,-89.0,-89.0,,1,1,139.0,307.0
71,153,-95.0,-95.0,,1,1,143.0,307.0
72,152,-94.0,-94.0,,1,1,145.0,305.0
74,154,-87.0,-87.0,,1,1,149.0,309.0
74,172,-95.5,-95.5,0.7071067811865476,2,1,149.0,345.0
75,122,-96.0,-96.0,,1,1,151.0,245.0
75,158,-86.0,-86.0,,1,1,151.0,317.0
75,171,-83.0,-83.0,,1,1,151.0,343.0
75,172,-100.0,-100.0,2.8284271247461903,2,1,151.0,345.0
76,121,-98.0,-98.0,,1,1,153.0,243.0
76,122,-94.0,-93.33333333333333,2.081665999466134,3,2,153.0,245.0
77,170,-95.0,-95.0,,1,1,155.0,341.0
78,123,-93.0,-93.0,,1,1,157.0,247.0
78,169,-91.0,-91.0,,1,1,157.0,339.0
78,170,-77.0,-77.0,,1,1,157.0,341.0
79,168,-88.0,-87.0,3.559026084010439,4,3,159.0,337.0
80,124,-93.0,-93.0,4.242640687119285,2,1,161.0,249.0
80,167,-86.0,-86.0,,1,1,161.0,335.0
81,139,-91.0,-91.0,7.0710678118654755,2,1,163.0,279.0
81,140,-88.5,-88.5,2.1213203435596424,2,1,163.0,281.0
81,142,-84.5,-84.5,2.1213203435596424,2,1,163.0,285.0
81,144,-99.0,-99.0,,1,1,163.0,289.0
81,147,-97.0,-97.0,0.0,2,1,163.0,295.0
82,123,-90.0,-90.0,5.656854249492381,2,2,165.0,247.0
82,124,-94.0,-94.0,,1,1,165.0,249.0
82,132,-97.0,-97.0,,1,1,165.0,265.0
82,133,-92.0,-92.66666666666667,2.081665999466134,3,1,165.0,267.0
82,141,-96.0,-96.0,,1,1,165.0,283.0
82,142,-88.0,-88.0,,1,1,165.0,285.0
82,148,-96.0,-96.0,,1,1,165.0,297.0
82,163,-87.0,-87.0,,1,1,165.0,327.0
83,117,-91.0,-91.0,,1,1,167.0,235.0
83,123,-89.0,-89.0,,1,1,167.0,247.0
83,124,-95.0,-95.0,,1,1,167.0,249.0
83,125,-95.0,-95.0,,1,1,167.0,251.0
83,136,-88.5,-88.5,2.1213203435596424,2,2,167.0,273.0
83,137,-88.0,-88.0,,1,1,167.0,275.0
83,138,-88.5,-88.5,2.1213203435596424,2,1,167.0,277.0
83,140,-90.0,-90.0,,1,1,167.0,281.0
83,144,-87.0,-87.0,,1,1,167.0,289.0
83,163,-72.0,-72.0,,1,1,167.0,327.0
84,118,-90.0,-90.33333333333333,1.5275252316519463,3,3,169.0,237.0
84,123,-86.5,-86.5,9.192388155425117,2,2,169.0,247.0
84,124,-84.0,-84.0,,1,1,169.0,249.0
84,132,-94.0,-94.33333333333333,5.507570547286102,3,2,169.0,265.0
84,133,-100.0,-100.0,,1,1,169.0,267.0
84,138,-94.0,-94.0,0.0,2,1,169.0,277.0
84,141,-95.0,-95.0,,1,1,169.0,283.0
85,114,-96.0,-96.0,,1,1,171.0,229.0
85,117,-88.0,-88.0,,1,1,171.0,235.0
85,119,-84.0,-86.66666666666667,6.429100507328638,3,1,171.0,239.0
85,123,-90.5,-90.5,7.7781745930520225,2,1,171.0,247.0
85,132,-95.0,-95.0,4.242640687119285,2,1,171.0,265.0
85,133,-96.0,-96.0,,1,1,171.0,267.0
85,136,-94.0,-94.0,0.0,2,1,171.0,273.0
86,113,-87.0,-87.0,,1,1,173.0,227.0
86,115,-86.0,-86.0,,1,1,173.0,231.0
86,120,-82.0,-82.0,,1,1,173.0,241.0
86,121,-86.0,-86.0,,1,1,173.0,243.0
86,123,-89.0,-89.0,,1,1,173.0,247.0
86,124,-93.0,-93.0,4.242640687119285,2,2,173.0,249.0
86,125,-87.0,-87.0,,1,1,173.0,251.0
86,126,-84.0,-84.0,,1,1,173.0,253.0
86,132,-94.0,-94.0,4.242640687119285,2,1,173.0,265.0
86,133,-95.0,-95.0,,1,1,173.0,267.0
86,134,-94.0,-94.0,2.8284271247461903,2,1,173.0,269.0
86,135,-92.0,-92.0,,1,1,173.0,271.0
86,160,-75.0,-75.0,,1,1,173.0,321.0
87,124,-84.0,-84.0,,1,1,175.0,249.0
87,126,-90.0,-90.0,,1,1,175.0,253.0
87,133,-82.0,-82.0,,1,1,175.0,267.0
88,123,-84.0,-84.0,,1,1,177.0,247.0
88,125,-76.0,-76.0,,1,1,177.0,251.0
88,126,-70.5,-70.5,2.1213203435596424,2,1,177.0,253.0
88,127,-86.5,-85.66666666666667,5.921711464320655,6,3,177.0,255.0
88,130,-81.0,-81.0,,1,1,177.0,261.0
88,133,-78.0,-78.0,,1,1,177.0,267.0
88,134,-91.0,-91.0,,1,1,177.0,269.0
88,160,-82.0,-82.0,,1,1,177.0,321.0
89,125,-77.5,-77.5,4.949747468305833,2,1,179.0,251.0
89,126,-90.0,-90.0,2.8284271247461903,2,2,179.0,253.0
89,129,-81.0,-81.0,,1,1,179.0,259.0
89,130,-90.0,-90.0,,1,1,179.0,261.0
89,131,-79.0,-79.0,4.242640687119285,2,2,179.0,263.0
89,132,-88.0,-89.0,4.358898943540675,5,2,179.0,265.0
89,134,-86.0,-86.0,1.4142135623730951,2,1,179.0,269.0
89,160,-65.0,-65.0,,1,1,179.0,321.0
89,161,-77.0,-77.0,,1,1,179.0,323.0
90,126,-82.0,-82.0,,1,1,181.0,253.0
90,128,-87.0,-87.0,1.4142135623730951,2,1,181.0,257.0
90,129,-95.0,-95.0,,1,1,181.0,259.0
90,132,-94.0,-94.0,,1,1,181.0,265.0
90,134,-87.0,-87.0,,1,1,181.0,269.0
90,153,-97.0,-97.0,,1,1,181.0,307.0
90,155,-74.0,-74.0,,1,1,181.0,311.0
90,166,-76.0,-76.0,,1,1,181.0,333.0
90,167,-80.0,-80.0,,1,1,181.0,335.0
91,128,-82.0,-82.33333333333333,0.5773502691896247,3,1,183.0,257.0
91,129,-87.0,-87.0,0.0,2,1,183.0,259.0
91,130,-93.0,-93.0,,1,1,183.0,261.0
91,155,-66.0,-66.0,,1,1,183.0,311.0
91,161,-77.0,-77.0,,1,1,183.0,323.0
92,126,-94.0,-94.0,,1,1,185.0,253.0
92,127,-79.0,-79.0,8.48528137423857,2,1,185.0,255.0
92,129,-68.0,-76.6,15.582040944625962,5,3,185.0,259.0
92,130,-81.0,-81.4,2.966479394838264,5,1,185.0,261.0
92,133,-95.0,-95.0,,1,1,185.0,267.0
92,134,-92.5,-93.25,2.6299556396765835,4,1,185.0,269.0
92,156,-83.5,-83.5,19.091883092036785,2,1,185.0,313.0
92,157,-92.0,-92.0,,1,1,185.0,315.0
92,158,-63.0,-63.0,,1,1,185.0,317.0
92,164,-92.0,-90.2,5.495452665613634,5,1,185.0,329.0
93,128,-74.5,-74.5,11.15048578911849,4,2,187.0,257.0
93,129,-75.0,-75.0,,1,1,187.0,259.0
93,130,-82.0,-82.0,,1,1,187.0,261.0
93,131,-85.0,-85.0,,1,1,187.0,263.0
93,132,-89.0,-89.0,,1,1,187.0,265.0
93,133,-93.0,-93.0,,1,1,187.0,267.0
93,134,-90.0,-90.0,,1,1,187.0,269.0
93,135,-92.5,-92.5,0.7071067811865476,2,1,187.0,271.0
93,152,-94.5,-94.5,0.7071067811865476,2,1,187.0,305.0
93,154,-78.0,-78.0,,1,1,187.0,309.0
93,155,-67.5,-67.5,6.363961030678928,2,1,187.0,311.0
93,156,-98.0,-98.0,,1,1,187.0,313.0
93,163,-90.0,-90.0,,1,1,187.0,327.0
93,165,-92.0,-92.0,1.4142135623730951,2,1,187.0,331.0
93,166,-80.0,-80.0,,1,1,187.0,333.0
94,127,-68.0,-68.0,,1,1,189.0,255.0
94,128,-75.0,-75.0,7.0710678118654755,2,2,189.0,257.0
94,134,-93.0,-93.0,,1,1,189.0,269.0
94,136,-97.0,-97.0,,1,1,189.0,273.0
94,165,-82.0,-86.0,8.717797887081348,3,3,189.0,331.0
94,166,-89.0,-90.0,2.9999999999999987,5,2,189.0,333.0
94,167,-85.5,-85.75,0.9574271077563362,4,1,189.0,335.0
95,126,-81.0,-80.0,3.559026084010437,4,3,191.0,253.0
95,127,-65.0,-65.0,,1,1,191.0,255.0
95,150,-76.0,-76.0,,1,1,191.0,301.0
95,153,-67.0,-67.0,,1,1,191.0,307.0
95,166,-86.0,-87.8,6.723094525588646,5,3,191.0,333.0
96,126,-76.0,-79.5,8.54400374531753,4,4,193.0,253.0
96,127,-71.5,-73.25,6.075908711186061,4,2,193.0,255.0
96,128,-72.0,-72.0,,1,1,193.0,257.0
96,151,-78.0,-78.0,,1,1,193.0,303.0
96,153,-69.5,-69.5,0.7071067811865476,2,2,193.0,307.0
97,127,-78.0,-79.6,5.89915248150105,5,3,195.0,255.0
97,141,-95.0,-95.0,,1,1,195.0,283.0
97,145,-88.0,-88.0,,1,1,195.0,291.0
97,148,-80.0,-80.0,,1,1,195.0,297.0
97,150,-92.0,-92.0,,1,1,195.0,301.0
97,151,-96.0,-89.33333333333333,16.072751268321593,3,1,195.0,303.0
97,152,-70.0,-70.0,,1,1,195.0,305.0
98,141,-90.0,-90.0,,1,1,197.0,283.0
98,146,-92.0,-92.0,,1,1,197.0,293.0
98,147,-88.5,-89.5,4.795831523312718,4,2,197.0,295.0
98,150,-75.0,-75.0,,1,1,197.0,301.0
99,126,-71.0,-74.28571428571429,6.5755680544037585,7,3,199.0,253.0
99,127,-65.0,-65.0,,1,1,199.0,255.0
99,144,-84.0,-84.0,0.0,2,1,199.0,289.0
99,145,-88.0,-88.0,,1,1,199.0,291.0
99,146,-88.0,-88.0,,1,1,199.0,293.0
100,125,-81.0,-81.0,,1,1,201.0,251.0
100,126,-71.0,-71.0,4.242640687119285,2,1,201.0,253.0
100,127,-65.0,-65.0,1.4142135623730951,2,2,201.0,255.0
100,144,-90.0,-89.66666666666667,0.5773502691896247,3,1,201.0,289.0
100,145,-88.0,-88.66666666666667,5.0332229568471645,3,2,201.0,291.0
100,146,-78.0,-78.0,,1,1,201.0,293.0
101,124,-88.0,-88.0,,1,1,203.0,249.0
101,127,-69.0,-69.0,1.4142135623730951,2,2,203.0,255.0
101,143,-83.0,-83.0,1.4142135623730951,2,1,203.0,287.0
101,144,-83.0,-82.33333333333333,4.273952113286563,6,2,203.0,289.0
101,145,-84.0,-84.0,,1,1,203.0,291.0
102,123,-82.0,-82.0,,1,1,205.0,247.0
102,124,-82.5,-83.25,5.3774219349672245,4,1,205.0,249.0
102,127,-78.0,-78.0,,1,1,205.0,255.0
102,134,-84.5,-85.3,4.738729318662919,10,3,205.0,269.0
102,143,-95.0,-95.0,,1,1,205.0,287.0
103,122,-75.0,-75.0,,1,1,207.0,245.0
103,123,-75.5,-74.75,10.242883708539635,4,2,207.0,247.0
103,124,-77.0,-77.0,14.142135623730951,2,2,207.0,249.0
103,127,-72.0,-71.0,2.6457513110645907,3,3,207.0,255.0
103,135,-86.0,-86.6,2.509980079602227,5,2,207.0,271.0
103,144,-86.0,-87.5,4.725815626252608,4,2,207.0,289.0
104,124,-82.0,-82.0,2.8284271247461903,2,2,209.0,249.0
104,125,-69.5,-68.5,5.567764362830023,4,2,209.0,251.0
104,126,-72.0,-72.66666666666667,8.020806277010644,3,2,209.0,253.0
104,127,-68.0,-68.0,,1,1,209.0,255.0
104,128,-66.0,-66.0,,1,1,209.0,257.0
104,135,-90.0,-89.0,2.7080128015453186,4,2,209.0,271.0
104,136,-84.0,-84.0,,1,1,209.0,273.0
104,142,-90.5,-89.75,2.8722813232690143,4,1,209.0,285.0
104,143,-83.0,-82.66666666666667,1.5275252316519485,3,2,209.0,287.0
104,145,-92.0,-90.0,6.244997998398398,3,2,209.0,291.0
104,147,-96.0,-96.0,,1,1,209.0,295.0
105,124,-67.0,-67.0,,1,1,211.0,249.0
105,125,-70.0,-70.0,,1,1,211.0,251.0
105,127,-72.0,-72.0,,1,1,211.0,255.0
105,128,-80.0,-80.0,,1,1,211.0,257.0
105,129,-70.0,-71.0,9.539392014169456,3,2,211.0,259.0
105,130,-68.0,-68.0,2.8284271247461903,2,1,211.0,261.0
105,136,-81.0,-83.0,3.4641016151377544,3,2,211.0,273.0
105,137,-80.0,-81.0,2.6457513110645907,3,2,211.0,275.0
105,138,-78.0,-78.0,,1,1,211.0,277.0
105,139,-72.0,-72.0,,1,1,211.0,279.0
105,141,-94.0,-94.0,,1,1,211.0,283.0
105,142,-84.0,-84.0,4.242640687119285,2,1,211.0,285.0
105,143,-83.5,-83.5,4.949747468305833,2,1,211.0,287.0
105,147,-88.0,-88.0,,1,1,211.0,295.0
106,119,-88.0,-88.0,,1,1,213.0,239.0
106,122,-71.0,-71.0,,1,1,213.0,245.0
106,124,-77.0,-77.0,,1,1,213.0,249.0
106,128,-69.0,-69.0,,1,1,213.0,257.0
106,130,-64.0,-64.0,,1,1,213.0,261.0
106,131,-80.0,-80.0,8.48528137423857,2,1,213.0,263.0
106,135,-74.0,-74.0,,1,1,213.0,271.0
106,136,-83.0,-83.0,,1,1,213.0,273.0
106,142,-88.5,-88.5,2.1213203435596424,2,1,213.0,285.0
106,143,-80.0,-82.33333333333333,4.04145188432738,3,1,213.0,287.0
106,144,-82.5,-82.5,0.7071067811865476,2,1,213.0,289.0
106,146,-87.0,-86.66666666666667,0.5773502691896247,3,2,213.0,293.0
106,147,-92.0,-92.0,,1,1,213.0,295.0
107,119,-82.0,-82.0,,1,1,215.0,239.0
107,124,-64.0,-64.0,,1,1,215.0,249.0
107,125,-62.0,-60.666666666666664,3.214550253664319,3,2,215.0,251.0
107,131,-84.0,-84.0,,1,1,215.0,263.0
107,132,-71.0,-71.0,0.0,2,1,215.0,265.0
107,134,-82.5,-82.5,9.192388155425117,2,2,215.0,269.0
107,135,-82.0,-79.8,4.919349550499538,5,2,215.0,271.0
107,136,-85.5,-84.0,8.755950357709132,4,2,215.0,273.0
107,137,-77.0,-78.33333333333333,2.309401076758502,3,2,215.0,275.0
107,138,-85.0,-85.0,5.656854249492381,2,1,215.0,277.0
107,139,-87.0,-87.0,2.8284271247461903,2,1,215.0,279.0
107,140,-84.0,-84.0,4.242640687119285,2,2,215.0,281.0
107,142,-86.5,-86.5,3.5355339059327378,2,1,215.0,285.0
107,143,-83.0,-83.0,4.242640687119285,2,1,215.0,287.0
107,145,-88.0,-85.6,5.549774770204641,5,1,215.0,291.0
107,146,-92.0,-92.0,0.0,2,1,215.0,293.0
108,125,-59.0,-59.0,,1,1,217.0,251.0
108,126,-55.5,-55.5,3.5355339059327378,2,2,217.0,253.0
108,131,-85.5,-85.5,3.5355339059327378,2,2,217.0,263.0
108,132,-81.0,-81.0,11.313708498984761,2,2,217.0,265.0
108,133,-73.0,-71.66666666666667,6.110100926607789,3,2,217.0,267.0
108,134,-77.0,-77.0,,1,1,217.0,269.0
108,138,-82.0,-82.0,2.8284271247461903,2,1,217.0,277.0
108,139,-75.0,-75.0,,1,1,217.0,279.0
108,141,-91.5,-91.5,2.1213203435596424,2,1,217.0,283.0
108,142,-75.0,-75.0,1.4142135623730951,2,2,217.0,285.0
108,143,-84.0,-84.0,1.4142135623730951,2,2,217.0,287.0
108,144,-86.0,-86.0,,1,1,217.0,289.0
108,145,-82.0,-82.0,1.4142135623730951,2,2,217.0,291.0
109,126,-61.0,-61.0,,1,1,219.0,253.0
109,127,-63.0,-61.0,4.358898943540674,3,2,219.0,255.0
109,128,-64.0,-66.66666666666667,5.507570547286103,3,1,219.0,257.0
109,135,-83.5,-83.5,0.7071067811865476,2,2,219.0,271.0
109,138,-80.0,-80.0,,1,1,219.0,277.0
109,143,-85.0,-85.0,7.0710678118654755,2,2,219.0,287.0
110,127,-65.5,-65.5,4.949747468305833,2,1,221.0,255.0
110,128,-66.0,-65.66666666666667,1.5275252316519485,3,1,221.0,257.0
110,129,-72.5,-71.5,6.137317546507322,4,2,221.0,259.0
110,130,-70.5,-71.16666666666667,2.1369760566432796,6,1,221.0,261.0
110,131,-90.0,-90.0,,1,1,221.0,263.0
110,138,-88.0,-88.0,,1,1,221.0,277.0
110,139,-72.0,-72.0,0.0,2,1,221.0,279.0
110,143,-81.0,-79.66666666666667,3.2145502536643202,3,1,221.0,287.0
110,144,-74.0,-74.0,,1,1,221.0,289.0
111,114,-85.5,-85.5,4.949747468305833,2,1,223.0,229.0
111,128,-62.0,-62.0,,1,1,223.0,257.0
111,130,-76.0,-76.0,5.656854249492381,2,2,223.0,261.0
111,139,-86.5,-84.25,4.856267428111156,4,2,223.0,279.0
111,140,-76.0,-76.25,4.7871355387816905,4,1,223.0,281.0
111,141,-76.0,-76.0,,1,1,223.0,283.0
111,142,-88.0,-88.0,,1,1,223.0,285.0
112,112,-82.5,-82.5,0.7071067811865476,2,1,225.0,225.0
112,131,-79.0,-77.66666666666667,5.131601439446886,3,1,225.0,263.0
112,132,-70.0,-70.0,,1,1,225.0,265.0
112,139,-85.0,-87.2,4.147288270665543,5,2,225.0,279.0
112,140,-80.0,-84.0,8.717797887081348,3,1,225.0,281.0
112,141,-88.0,-86.0,5.612486080160913,5,2,225.0,283.0
113,108,-85.0,-85.0,,1,1,227.0,217.0
113,109,-83.0,-83.0,,1,1,227.0,219.0
113,110,-84.0,-84.0,,1,1,227.0,221.0
113,131,-73.0,-71.75,3.201562118716423,4,1,227.0,263.0
113,132,-79.5,-79.5,10.606601717798213,2,2,227.0,265.0
113,133,-80.5,-80.5,4.949747468305833,2,1,227.0,267.0
113,134,-78.0,-78.0,8.48528137423857,2,1,227.0,269.0
113,140,-84.5,-84.5,6.363961030678928,2,1,227.0,281.0
114,107,-90.0,-90.0,,1,1,229.0,215.0
114,108,-81.0,-81.0,1.4142135623730951,2,2,229.0,217.0
114,109,-86.0,-86.0,,1,1,229.0,219.0
114,138,-80.0,-78.66666666666667,4.163331998932264,3,1,229.0,277.0
114,139,-89.0,-89.0,,1,1,229.0,279.0
115,106,-79.0,-79.0,,1,1,231.0,213.0
115,108,-89.0,-89.0,,1,1,231.0,217.0
115,137,-83.0,-83.0,,1,1,231.0,275.0
115,138,-86.0,-86.0,,1,1,231.0,277.0
116,105,-89.0,-89.0,7.0710678118654755,2,2,233.0,211.0
116,106,-83.0,-83.0,2.581988897471612,4,2,233.0,213.0
116,107,-86.0,-85.66666666666667,6.506407098647713,3,2,233.0,215.0
116,136,-77.0,-77.0,,1,1,233.0,273.0
116,137,-86.0,-85.33333333333333,7.023769168568494,3,1,233.0,275.0
117,135,-86.0,-84.5,6.806859285554044,4,2,235.0,271.0
117,136,-84.0,-84.0,,1,1,235.0,273.0
118,134,-86.0,-86.0,,1,1,237.0,269.0
119,103,-90.0,-90.0,1.4142135623730951,2,2,239.0,207.0
119,104,-92.0,-93.33333333333333,5.131601439446882,3,2,239.0,209.0
119,133,-89.0,-89.0,,1,1,239.0,267.0
119,134,-87.0,-87.5,2.5166114784235845,4,2,239.0,269.0
119,135,-100.0,-98.33333333333333,2.88675134594813,3,2,239.0,271.0
119,136,-93.0,-93.0,,1,1,239.0,273.0
119,137,-90.0,-90.0,0.0,2,2,239.0,275.0
120,103,-85.0,-86.33333333333333,3.214550253664317,3,2,241.0,207.0
120,105,-95.5,-95.5,3.5355339059327378,2,1,241.0,211.0
120,131,-100.0,-100.0,,1,1,241.0,263.0
120,133,-97.0,-97.0,,1,1,241.0,267.0
120,134,-87.5,-87.5,4.949747468305833,2,1,241.0,269.0
120,137,-90.5,-90.5,2.1213203435596424,2,1,241.0,275.0
121,103,-95.0,-95.0,,1,1,243.0,207.0
121,105,-94.0,-94.0,1.0,3,2,243.0,211.0
121,106,-94.0,-94.0,1.4142135623730951,2,2,243.0,213.0
121,130,-85.0,-87.66666666666667,5.507570547286103,3,1,243.0,261.0
121,131,-91.0,-91.0,,1,1,243.0,263.0
121,133,-93.0,-93.0,,1,1,243.0,267.0
121,138,-86.0,-86.0,,1,1,243.0,277.0
122,107,-91.0,-91.0,2.8284271247461903,2,2,245.0,215.0
122,139,-95.0,-95.0,2.8284271247461903,2,2,245.0,279.0
123,106,-89.0,-90.0,2.6457513110645907,3,1,247.0,213.0
123,107,-97.0,-97.2,2.049390153191918,5,2,247.0,215.0
123,140,-92.0,-92.0,,1,1,247.0,281.0
124,106,-93.0,-93.0,4.242640687119285,2,2,249.0,213.0
124,107,-97.5,-97.5,0.7071067811865476,2,2,249.0,215.0
124,108,-95.0,-95.0,2.8284271247461903,2,1,249.0,217.0
125,110,-93.0,-93.0,,1,1,251.0,221.0
125,143,-95.0,-94.33333333333333,1.1547005383792526,3,1,251.0,287.0
126,109,-93.0,-93.0,,1,1,253.0,219.0
126,144,-87.0,-87.0,1.8257418583505518,4,1,253.0,289.0
126,145,-84.0,-86.4,4.277849927241486,5,1,253.0,291.0
126,146,-90.0,-90.0,2.8284271247461903,2,1,253.0,293.0
126,147,-98.0,-98.0,,1,1,253.0,295.0
127,108,-97.0,-97.0,,1,1,255.0,217.0
127,110,-100.0,-100.0,,1,1,255.0,221.0
128,111,-98.0,-98.0,5.656854249492381,2,2,257.0,223.0
128,112,-97.0,-97.0,,1,1,257.0,225.0
129,110,-94.5,-94.5,2.1213203435596424,2,1,259.0,221.0
