beacon_id,scans,traces
9195B3AD-A9D0-4500-85FF-9FB0F65A5201_0_0,24338,152
FDA50693-A4E2-4FB1-AFCF-C6EB07647825_10073_61418,2029,108
FDA50693-A4E2-4FB1-AFCF-C6EB07647825_10065_26049,375,38
FB349B5F-8000-0080-0010-00003CFE0000_27257_52321,446,33
6B76E28A-6FA2-48C9-8502-C1DAA388AB2C_16653_53799,232,25
6B76E28A-6FA2-48C9-8502-C1DAA388AB2C_24852_14250,156,15
6B76E28A-6FA2-48C9-8502-C1DAA388AB2C_24595_61975,138,13
6B76E28A-6FA2-48C9-8502-C1DAA388AB2C_55834_41274,83,13
6B76E28A-6FA2-48C9-8502-C1DAA388AB2C_62879_39358,73,13
6B76E28A-6FA2-48C9-8502-C1DAA388AB2C_36119_22673,161,12
6B76E28A-6FA2-48C9-8502-C1DAA388AB2C_40184_4674,147,12
6B76E28A-6FA2-48C9-8502-C1DAA388AB2C_20527_19786,165,9
616C6970-6179-626F-7869-626561636F6A_3824_27065,36,9
6B76E28A-6FA2-48C9-8502-C1DAA388AB2C_35901_41693,108,8
6B76E28A-6FA2-48C9-8502-C1DAA388AB2C_55824_43323,39,8
6B76E28A-6FA2-48C9-8502-C1DAA388AB2C_32872_9274,19,8
6B76E28A-6FA2-48C9-8502-C1DAA388AB2C_29959_1213,102,7
6B76E28A-6FA2-48C9-8502-C1DAA388AB2C_27423_18125,45,7
616C6970-6179-626F-7869-626561636F6A_17156_56179,83,6
6B76E28A-6FA2-48C9-8502-C1DAA388AB2C_26305_21470,49,6
6B76E28A-6FA2-48C9-8502-C1DAA388AB2C_49101_50740,45,6
6B76E28A-6FA2-48C9-8502-C1DAA388AB2C_20362_44244,37,6
6B76E28A-6FA2-48C9-8502-C1DAA388AB2C_49562_34874,22,6
616C6970-6179-626F-7869-626561636F6A_44570_45965,8,5
616C6970-6179-626F-7869-626561636F6A_49662_37272,8,5
616C6970-6179-626F-7869-626561636F6A_28214_49911,5,5
6B76E28A-6FA2-48C9-8502-C1DAA388AB2C_34760_797,51,4
6B76E28A-6FA2-48C9-8502-C1DAA388AB2C_18166_45147,43,4
6B76E28A-6FA2-48C9-8502-C1DAA388AB2C_51469_61695,21,4
6B76E28A-6FA2-48C9-8502-C1DAA388AB2C_10374_60457,16,4
6B76E28A-6FA2-48C9-8502-C1DAA388AB2C_20057_38865,9,4
616C6970-6179-626F-7869-626561636F6A_30011_12239,4,4
AB8190D5-D11E-4941-ACC4-42F30510B408_10025_61943,69,3
6B76E28A-6FA2-48C9-8502-C1DAA388AB2C_30980_52998,31,3
6B76E28A-6FA2-48C9-8502-C1DAA388AB2C_13908_2027,29,3
6B76E28A-6FA2-48C9-8502-C1DAA388AB2C_10500_29613,17,3
6B76E28A-6FA2-48C9-8502-C1DAA388AB2C_54355_21823,12,3
AB8190D5-D11E-4941-ACC4-42F30510B408_10025_61947,6,3
6B76E28A-6FA2-48C9-8502-C1DAA388AB2C_12053_20170,4,3
6B76E28A-6FA2-48C9-8502-C1DAA388AB2C_26601_64024,37,2
616C6970-6179-626F-7869-626561636F6A_58997_64931,16,2
6B76E28A-6FA2-48C9-8502-C1DAA388AB2C_30916_22872,4,2
6B76E28A-6FA2-48C9-8502-C1DAA388AB2C_62737_22253,2,2
74278BDA-B644-4520-8F0C-720EAF059935_304_61041,6,1
6B76E28A-6FA2-48C9-8502-C1DAA388AB2C_45401_43761,3,1
6B76E28A-6FA2-48C9-8502-C1DAA388AB2C_62015_10393,3,1
F8000001-0000-0000-0000-000000000000_10002_116,3,1
6B76E28A-6FA2-48C9-8502-C1DAA388AB2C_8034_12214,2,1
74278BDA-B644-4520-8F0C-720EAF059935_0_15893,2,1
48F8C9EF-AEF9-482D-987F-3752F1C51DA1_17_4677,1,1
616C6970-6179-626F-7869-626561636F6A_16355_9554,1,1
616C6970-6179-626F-7869-626561636F6A_62915_27020,1,1
6B76E28A-6FA2-48C9-8502-C1DAA388AB2C_28901_13024,1,1
6B76E28A-6FA2-48C9-8502-C1DAA388AB2C_31530_43350,1,1
6B76E28A-6FA2-48C9-8502-C1DAA388AB2C_62395_53476,1,1
