waypoints,scans,kept,malformed,path_id
14,276,234,0,5dd35c6844333f00067aa0ba
5,7,7,0,5dd35c6927889b0006b76848
3,7,5,0,5dd35c6944333f00067aa0bc
3,12,6,0,5dd35c6a27889b0006b7684a
5,25,22,0,5dd35c6b44333f00067aa0be
18,70,68,0,5dd35c6c27889b0006b7684c
13,13,13,0,5dd35c6e44333f00067aa0c0
5,6,6,0,5dd35c6e44333f00067aa0c2
28,13,13,0,5dd35c7027889b0006b7684e
8,1,1,0,5dd35c7144333f00067aa0c4
16,0,0,0,5dd35c7327889b0006b76850
11,2,2,0,5dd35c7444333f00067aa0c6
11,8,8,0,5dd35c7527889b0006b76852
2,1,0,0,5dd35c7627889b0006b76854
7,2,2,0,5dd35c7644333f00067aa0c8
8,81,81,0,5dd35c7844333f00067aa0ca
3,66,64,0,5dd35c7844333f00067aa0cc
24,658,631,0,5dd35c7c44333f00067aa0ce
18,472,472,0,5dd35c7e44333f00067aa0d0
17,333,333,0,5dd35c8127889b0006b76856
4,120,113,0,5dd35c8244333f00067aa0d2
6,52,52,0,5dd35c8327889b0006b76858
11,137,129,0,5dd35c8444333f00067aa0d4
9,113,108,0,5dd35c8627889b0006b7685a
10,28,28,0,5dd35c8744333f00067aa0d6
6,19,18,0,5dd35c8827889b0006b7685c
14,50,50,0,5dd35c8a27889b0006b7685e
29,58,56,0,5dd35c8d44333f00067aa0d8
5,2,2,0,5dd35c8e44333f00067aa0da
9,6,6,0,5dd35c8f27889b0006b76860
6,5,5,0,5dd35c9044333f00067aa0dc
18,10,10,0,5dd35c9244333f00067aa0de
27,12,12,0,5dd35c9527889b0006b76862
38,22,21,0,5dd35c9844333f00067aa0e0
11,6,6,0,5dd35c9a27889b0006b76864
6,1,1,0,5dd35c9a27889b0006b76866
10,1,1,0,5dd35c9b44333f00067aa0e2
5,0,0,0,5dd35c9c27889b0006b76868
16,0,0,0,5dd35c9d44333f00067aa0e4
3,0,0,0,5dd35c9e27889b0006b7686a
4,0,0,0,5dd35c9e44333f00067aa0e6
19,10,10,0,5dd365e244333f00067aa10e
12,17,17,0,5dd365e927889b0006b768a3
19,12,11,0,5dd365ec44333f00067aa110
7,5,4,0,5dd365ee44333f00067aa112
18,14,14,0,5dd365f027889b0006b768a5
8,5,5,0,5dd365f144333f00067aa114
6,7,5,0,5dd365f244333f00067aa116
5,7,5,0,5dd365f344333f00067aa118
21,27,26,0,5dd365f527889b0006b768a7
16,35,35,0,5dd365f727889b0006b768a9
14,12,12,0,5dd365f944333f00067aa11a
16,0,0,0,5dd365fa27889b0006b768ab
18,115,100,0,5dd365fb27889b0006b768ad
2,5,5,0,5dd365fc27889b0006b768af
18,46,44,0,5dd365fd27889b0006b768b1
5,2,2,0,5dd365fe44333f00067aa11c
5,0,0,0,5dd365fe44333f00067aa11e
17,32,30,0,5dd365ff44333f00067aa120
8,8,8,0,5dd3660044333f00067aa122
11,0,0,0,5dd3660127889b0006b768b3
6,1,1,0,5dd3660144333f00067aa124
11,0,0,0,5dd3660244333f00067aa126
9,0,0,0,5dd3660327889b0006b768b5
7,0,0,0,5dd3660444333f00067aa128
10,141,136,0,5dd4a18427889b0006b7758f
6,52,52,0,5dd4a18527889b0006b77591
3,4,4,0,5dd4a18927889b0006b77593
5,36,36,0,5dd4a18b44333f00067aaddb
4,36,29,0,5dd4a18d27889b0006b77595
5,35,35,0,5dd4a18e44333f00067aaddd
10,100,92,0,5dd4a19144333f00067aaddf
5,33,31,0,5dd4a19327889b0006b77597
7,55,55,0,5dd4a19444333f00067aade1
4,2,2,0,5dd4a19644333f00067aade3
15,10,10,0,5dd4a19944333f00067aade5
11,1,1,0,5dd6139bd48f840006f14cbf
3,0,0,0,5dd6139cd48f840006f14cc1
6,0,0,0,5dd61435d48f840006f14cd6
5,0,0,0,5dd614367da0810006e23fe0
3,0,0,0,5dd614e77da0810006e23ff0
6,0,0,0,5dd614e8d48f840006f14cdd
8,5,5,0,5dd61594d48f840006f14cf0
5,1,1,0,5dd61595d48f840006f14cf2
9,5,5,0,5dd61660d48f840006f14cff
3,2,2,0,5dd616657da0810006e23ff5
7,6,6,0,5dd61666d48f840006f14d01
4,11,11,0,5dd6177ed48f840006f14d11
6,24,22,0,5dd6177fd48f840006f14d13
3,15,15,0,5dd617817da0810006e23ffc
9,39,36,0,5dd617877da0810006e23ffe
7,22,21,0,5dd6178ed48f840006f14d15
17,40,34,0,5dd62761d48f840006f14dda
10,10,10,0,5dd62763d48f840006f14ddc
18,46,38,0,5dd6276ed48f840006f14dde
22,35,32,0,5dd62779d48f840006f14de0
10,31,31,0,5dd6277c7da0810006e240c6
10,44,43,0,5dd62780d48f840006f14de2
6,4,4,0,5dd627827da0810006e240c8
