site,floor,beacon_id,all_usable_scans,selected_scans,selected_paths,all_beacons,observed_cells,observed_area_m2_approx,rssi_mean_dbm,rssi_median_dbm,rssi_std_db,rssi_min_dbm,rssi_max_dbm,rssi_p05_dbm,rssi_p95_dbm,median_nearest_waypoint_gap_ms,selection_mode,status,error
site1,B1,9195B3AD-A9D0-4500-85FF-9FB0F65A5201_0_0,29345,24338,152,55,1252,5008.0,-80.07095899416551,-80.0,8.673124847600205,-104.0,-51.0,-94.0,-65.0,1536.0,site_wide,success,
site1,F1,9195B3AD-A9D0-4500-85FF-9FB0F65A5201_0_0,29413,28780,119,20,1503,6012.0,-80.86886726893677,-82.0,8.767001680387287,-103.0,-49.0,-94.0,-65.0,1589.0,site_wide,success,
site1,F2,9195B3AD-A9D0-4500-85FF-9FB0F65A5201_0_0,27078,26216,119,15,1279,5116.0,-81.50690418065304,-82.0,8.231369013249443,-103.0,-52.0,-94.0,-66.0,1815.0,site_wide,success,
site1,F3,9195B3AD-A9D0-4500-85FF-9FB0F65A5201_0_0,20182,18564,114,13,1110,4440.0,-81.10595776772247,-82.0,9.019920793952448,-103.0,-50.0,-94.0,-64.0,1658.0,site_wide,success,
site1,F4,9195B3AD-A9D0-4500-85FF-9FB0F65A5201_0_0,14542,10211,108,12,1036,4144.0,-83.14582313191656,-84.0,8.325208461132377,-103.0,-52.0,-95.0,-67.0,1540.0,site_wide,success,
site2,B1,FDA50693-A4E2-4FB1-AFCF-C6EB07647825_10073_61418,1996,678,58,27,351,1404.0,-83.8834808259587,-85.0,9.327283638168193,-102.0,-53.0,-97.0,-66.0,1420.5,site_wide,success,
site2,F1,FDA50693-A4E2-4FB1-AFCF-C6EB07647825_10073_61418,3719,477,56,23,248,992.0,-93.12788259958072,-93.0,3.8700528630315603,-103.0,-82.0,-99.0,-86.80000000000001,1501.0,site_wide,success,
site2,F2,FDA50693-A4E2-4FB1-AFCF-C6EB07647825_10073_61418,304,74,10,8,52,208.0,-92.20270270270271,-93.0,4.716568667219353,-102.0,-78.0,-98.0,-82.65,1576.5,site_wide,success,
site2,F3,FDA50693-A4E2-4FB1-AFCF-C6EB07647825_10073_61418,225,64,6,11,45,180.0,-91.90625,-93.0,4.746657136159507,-99.0,-75.0,-98.85,-84.30000000000001,1774.0,site_wide,success,
site2,F4,FDA50693-A4E2-4FB1-AFCF-C6EB07647825_10073_61418,229,41,5,11,30,120.0,-92.36585365853658,-93.0,4.825743971456503,-102.0,-81.0,-99.0,-84.0,1245.0,site_wide,success,
site2,F5,FDA50693-A4E2-4FB1-AFCF-C6EB07647825_10073_61418,845,367,27,30,179,716.0,-89.80108991825612,-90.0,5.728006062640057,-103.0,-74.0,-99.0,-80.0,1110.0,site_wide,success,
site2,F6,FDA50693-A4E2-4FB1-AFCF-C6EB07647825_10073_61418,2123,1559,53,18,503,2012.0,-87.56061577934574,-89.0,7.816740117512645,-104.0,-60.0,-98.0,-73.0,1378.0,site_wide,success,
site2,F7,FDA50693-A4E2-4FB1-AFCF-C6EB07647825_10073_61418,1834,1594,29,15,395,1580.0,-85.57340025094103,-86.0,8.04296030091902,-102.0,-59.0,-97.0,-71.0,1357.5,site_wide,success,
site2,F8,FDA50693-A4E2-4FB1-AFCF-C6EB07647825_10073_61418,673,465,19,7,202,808.0,-90.81720430107526,-92.0,5.604312987670706,-102.0,-74.0,-98.0,-81.0,1262.0,site_wide,success,
