beacon_id,scans,floors_seen
9195B3AD-A9D0-4500-85FF-9FB0F65A5201_0_0,109321,11
FDA50693-A4E2-4FB1-AFCF-C6EB07647825_10073_61418,13860,14
FDA50693-A4E2-4FB1-AFCF-C6EB07647825_0_0,1092,4
FDA50693-A4E2-4FB1-AFCF-C6EB07647825_10065_26049,896,7
FB349B5F-8000-0080-0010-00003CFE0000_27257_52321,446,1
07A50693-A4E2-4FB1-AFCF-201707181336_10004_6119,307,3
FB349B5F-8000-0080-0010-00003CFE0000_1001_6040,302,1
E6E7160C-F095-4F5E-A1E7-15C936AD8914_0_0,301,3
FB349B5F-8000-0080-0010-00003CFE0000_30294_30264,278,1
6B76E28A-6FA2-48C9-8502-C1DAA388AB2C_16653_53799,232,1
AF043424-1B4D-4FB7-8730-387B9458131F_0_0,204,1
6B76E28A-6FA2-48C9-8502-C1DAA388AB2C_37845_58916,191,1
6B76E28A-6FA2-48C9-8502-C1DAA388AB2C_20527_19786,165,1
FB349B5F-8000-0080-0010-00003CFE0000_9280_41019,162,1
6B76E28A-6FA2-48C9-8502-C1DAA388AB2C_36119_22673,161,1
48F8C9EF-AEF9-482D-987F-3752F1C51DA1_20_45257,157,2
991CB71E-850B-C24D-4047-90A0ACAA4951_45830_56687,157,1
6B76E28A-6FA2-48C9-8502-C1DAA388AB2C_24852_14250,156,1
A49CD9E0-E367-59D2-4FD4-1DE0557702D8_44413_58550,155,1
6B76E28A-6FA2-48C9-8502-C1DAA388AB2C_40184_4674,147,1
616C6970-6179-626F-7869-626561636F6A_33059_39876,143,4
6B76E28A-6FA2-48C9-8502-C1DAA388AB2C_27292_47348,140,3
6B76E28A-6FA2-48C9-8502-C1DAA388AB2C_24595_61975,138,1
FB349B5F-8000-0080-0010-00003CFE0000_19623_24590,111,1
6B76E28A-6FA2-48C9-8502-C1DAA388AB2C_35901_41693,108,1
6B76E28A-6FA2-48C9-8502-C1DAA388AB2C_17400_23398,104,1
6B76E28A-6FA2-48C9-8502-C1DAA388AB2C_5730_49012,103,2
6B76E28A-6FA2-48C9-8502-C1DAA388AB2C_29959_1213,102,1
FB349B5F-8000-0080-0010-00003CFE0000_11354_9437,98,1
FB349B5F-8000-0080-0010-00003CFE0000_17834_10672,90,4
6B76E28A-6FA2-48C9-8502-C1DAA388AB2C_56608_29625,88,2
6B76E28A-6FA2-48C9-8502-C1DAA388AB2C_11793_12338,88,1
548424DD-6040-EBF3-CC14-6AED5F37D1CA_29571_41742,84,1
616C6970-6179-626F-7869-626561636F6A_17156_56179,83,1
6B76E28A-6FA2-48C9-8502-C1DAA388AB2C_55834_41274,83,1
48F8C9EF-AEF9-482D-987F-3752F1C51DA1_22_40969,79,4
FDA50693-A4E2-4FB1-AFCF-C6EB07647825_10007_18844,76,1
6B76E28A-6FA2-48C9-8502-C1DAA388AB2C_62879_39358,73,1
AB8190D5-D11E-4941-ACC4-42F30510B408_10025_61943,69,1
AAAAAAAA-A4E2-4FB1-AFCF-FF4008866815_12362_32694,67,1
6B76E28A-6FA2-48C9-8502-C1DAA388AB2C_47237_15305,63,3
6B76E28A-6FA2-48C9-8502-C1DAA388AB2C_45651_11327,61,1
FB349B5F-8000-0080-0010-00003CFE0000_3922_54782,58,1
FB349B5F-8000-0080-0010-00003CFE0000_5029_16071,57,3
FB349B5F-8000-0080-0010-00003CFE0000_1858_41996,55,3
6B76E28A-6FA2-48C9-8502-C1DAA388AB2C_34760_797,51,1
6B76E28A-6FA2-48C9-8502-C1DAA388AB2C_16628_21253,49,2
6B76E28A-6FA2-48C9-8502-C1DAA388AB2C_26305_21470,49,1
48F8C9EF-AEF9-482D-987F-3752F1C51DA1_20_31450,46,3
6B76E28A-6FA2-48C9-8502-C1DAA388AB2C_27423_18125,45,1
6B76E28A-6FA2-48C9-8502-C1DAA388AB2C_49101_50740,45,1
6B76E28A-6FA2-48C9-8502-C1DAA388AB2C_18166_45147,43,1
6B76E28A-6FA2-48C9-8502-C1DAA388AB2C_18987_11827,41,1
6B76E28A-6FA2-48C9-8502-C1DAA388AB2C_55824_43323,39,1
6B76E28A-6FA2-48C9-8502-C1DAA388AB2C_10036_1433,38,1
616C6970-6179-626F-7869-626561636F6A_3824_27065,37,2
6B76E28A-6FA2-48C9-8502-C1DAA388AB2C_20362_44244,37,1
6B76E28A-6FA2-48C9-8502-C1DAA388AB2C_26601_64024,37,1
6B76E28A-6FA2-48C9-8502-C1DAA388AB2C_34147_13673,33,1
AAAAAAAA-A4E2-4FB1-AFCF-FF4008866815_12360_40760,32,2
6B76E28A-6FA2-48C9-8502-C1DAA388AB2C_30980_52998,31,1
44A41250-97A4-E6CC-510E-F97F7ED6966B_50522_30374,30,1
48F8C9EF-AEF9-482D-987F-3752F1C51DA1_22_16153,29,3
6B76E28A-6FA2-48C9-8502-C1DAA388AB2C_13908_2027,29,1
616C6970-6179-626F-7869-626561636F6A_49662_37272,25,3
41EB41C3-3A3F-FF4E-D085-446C8FB1C1EC_10516_6584,25,1
975FB7E9-2181-FE7B-9CED-84DD212A1623_718_20490,25,1
AED29C01-CECA-E0DD-C71F-C0F37DE13B19_61844_27134,25,1
48F8C9EF-AEF9-482D-987F-3752F1C51DA1_17_11425,23,1
6B76E28A-6FA2-48C9-8502-C1DAA388AB2C_49562_34874,22,1
6B76E28A-6FA2-48C9-8502-C1DAA388AB2C_62574_14808,21,2
6B76E28A-6FA2-48C9-8502-C1DAA388AB2C_51469_61695,21,1
6B76E28A-6FA2-48C9-8502-C1DAA388AB2C_32872_9274,19,1
975FB7E9-2181-FE7B-9CED-84DD2010DC32_33059_5674,19,1
975FB7E9-2181-FE7B-0000-0A50CE021623_2357_30069,18,1
6B76E28A-6FA2-48C9-8502-C1DAA388AB2C_10500_29613,17,1
616C6970-6179-626F-7869-626561636F6A_58997_64931,16,1
6B76E28A-6FA2-48C9-8502-C1DAA388AB2C_10374_60457,16,1
9195B3AD-A9D0-4500-85FF-9FB0F65A5201_22017_0,16,1
6B76E28A-6FA2-48C9-8502-C1DAA388AB2C_12652_10372,15,4
616C6970-6179-626F-7869-626561636F6A_28214_49911,15,2
6B76E28A-6FA2-48C9-8502-C1DAA388AB2C_7874_14243,15,1
975FB7E9-2181-FE7B-9CED-84DD2010DC32_33063_10538,15,1
975FB7E9-2181-FE7B-9CED-84DD212A2927_718_20490,15,1
F59EDB6A-F399-4C80-A759-D059BF84C96D_65520_4608,15,1
FB349B5F-8000-0080-0010-00003CFE0000_10309_12756,15,1
6B76E28A-6FA2-48C9-8502-C1DAA388AB2C_5103_55553,14,5
FB349B5F-8000-0080-0010-00003CFE0000_3280_41520,14,1
FB349B5F-8000-0080-0010-00003CFE0000_6155_59255,14,1
E7FC9D3C-EF01-4B70-B280-2CF6D50FA5CA_47989_28223,13,2
6B76E28A-6FA2-48C9-8502-C1DAA388AB2C_63652_19710,13,1
6B76E28A-6FA2-48C9-8502-C1DAA388AB2C_64096_25388,13,1
FB349B5F-8000-0080-0010-00003CFE0000_6245_47538,13,1
6B76E28A-6FA2-48C9-8502-C1DAA388AB2C_51495_40606,12,1
6B76E28A-6FA2-48C9-8502-C1DAA388AB2C_54355_21823,12,1
975FAA55-0000-0000-0000-0A50CE022927_0_0,12,1
FB349B5F-8000-0080-0010-00003CFE0000_27998_53053,12,1
6B76E28A-6FA2-48C9-8502-C1DAA388AB2C_19018_35270,10,3
6B76E28A-6FA2-48C9-8502-C1DAA388AB2C_20746_7371,10,2
6B76E28A-6FA2-48C9-8502-C1DAA388AB2C_45850_14031,10,2
FB349B5F-8000-0080-0010-00003CFE0000_29680_25758,10,2
65D37BB4-8A7B-0BC4-5602-AAE9E8EA68B2_3902_44406,9,1
6B76E28A-6FA2-48C9-8502-C1DAA388AB2C_20057_38865,9,1
616C6970-6179-626F-7869-626561636F6A_44570_45965,8,1
6B76E28A-6FA2-48C9-8502-C1DAA388AB2C_7147_14931,8,1
975FB7E9-1241-CE7C-0000-0A50CE022927_21776_520,8,1
975FB7E9-1241-FE7B-0000-0A50CE022927_183_0,8,1
6B76E28A-6FA2-48C9-8502-C1DAA388AB2C_45101_52752,7,3
6B76E28A-6FA2-48C9-8502-C1DAA388AB2C_43832_27674,7,2
6B76E28A-6FA2-48C9-8502-C1DAA388AB2C_60326_39387,7,2
6B76E28A-6FA2-48C9-8502-C1DAA388AB2C_63696_1776,7,1
975FB7E9-1241-FE7B-0000-0A50CE022927_182_0,7,1
E7FC9D3C-EF01-4B70-B280-2CF6D50FA5CA_40614_21164,7,1
6B76E28A-6FA2-48C9-8502-C1DAA388AB2C_15613_52042,6,1
74278BDA-B644-4520-8F0C-720EAF059935_304_61041,6,1
975FB7E9-1241-CE7C-0000-0A50CE022927_21776_776,6,1
975FB7E9-2181-FE7B-0000-0A50CE022927_6965_32130,6,1
AB8190D5-D11E-4941-ACC4-42F30510B408_10025_61947,6,1
E7FC9D3C-EF01-4B70-B280-2CF6D50FA5CA_6863_32308,6,1
6B76E28A-6FA2-48C9-8502-C1DAA388AB2C_6269_6410,5,1
975FB7E9-2181-FE7B-0000-0A50CE022927_6965_32131,5,1
E7FC9D3C-EF01-4B70-B280-2CF6D50FA5CA_25548_35325,5,1
6B76E28A-6FA2-48C9-8502-C1DAA388AB2C_64294_18080,4,2
616C6970-6179-626F-7869-626561636F6A_23614_54201,4,1
616C6970-6179-626F-7869-626561636F6A_30011_12239,4,1
6B76E28A-6FA2-48C9-8502-C1DAA388AB2C_12053_20170,4,1
6B76E28A-6FA2-48C9-8502-C1DAA388AB2C_2547_49771,4,1
6B76E28A-6FA2-48C9-8502-C1DAA388AB2C_30916_22872,4,1
E7FC9D3C-EF01-4B70-B280-2CF6D50FA5CA_43336_37672,4,1
FB349B5F-8000-0080-0010-00003CFE0000_8784_22189,4,1
6B76E28A-6FA2-48C9-8502-C1DAA388AB2C_5337_45415,3,2
616C6970-6179-626F-7869-626561636F6A_49023_45597,3,1
616C6970-6179-626F-7869-626561636F6A_50880_9290,3,1
6B76E28A-6FA2-48C9-8502-C1DAA388AB2C_35621_12090,3,1
6B76E28A-6FA2-48C9-8502-C1DAA388AB2C_45401_43761,3,1
6B76E28A-6FA2-48C9-8502-C1DAA388AB2C_58251_52693,3,1
6B76E28A-6FA2-48C9-8502-C1DAA388AB2C_62015_10393,3,1
975FB7E9-1241-CE7C-0000-0A50CE022927_21778_520,3,1
E7FC9D3C-EF01-4B70-B280-2CF6D50FA5CA_29421_63019,3,1
F8000001-0000-0000-0000-000000000000_10002_116,3,1
6B76E28A-6FA2-48C9-8502-C1DAA388AB2C_23091_32467,2,2
0ADCED27-E304-82E4-0598-04B079163892_56792_40227,2,1
38558552-7333-644A-1886-BDC208D6C0A6_2812_33974,2,1
3C3493F1-997A-D187-0AD6-FB5A8D4EFA63_30242_6415,2,1
6B76E28A-6FA2-48C9-8502-C1DAA388AB2C_25440_53472,2,1
6B76E28A-6FA2-48C9-8502-C1DAA388AB2C_36059_26451,2,1
6B76E28A-6FA2-48C9-8502-C1DAA388AB2C_38612_64251,2,1
6B76E28A-6FA2-48C9-8502-C1DAA388AB2C_4452_27093,2,1
6B76E28A-6FA2-48C9-8502-C1DAA388AB2C_62737_22253,2,1
6B76E28A-6FA2-48C9-8502-C1DAA388AB2C_8034_12214,2,1
6B76E28A-6FA2-48C9-8502-C1DAA388AB2C_8389_16060,2,1
74278BDA-B644-4520-8F0C-720EAF059935_0_15893,2,1
975FB7E9-1241-CE7C-0000-0A50CE022927_21776_264,2,1
975FB7E9-1241-FE7B-0000-0A50CE022927_176_0,2,1
975FB7E9-1241-FE7B-0000-0A50CE022927_181_0,2,1
975FB7E9-2181-FE7B-0000-0A50CE022927_6965_31876,2,1
E7FC9D3C-EF01-4B70-B280-2CF6D50FA5CA_13394_63898,2,1
E7FC9D3C-EF01-4B70-B280-2CF6D50FA5CA_38122_24948,2,1
48F8C9EF-AEF9-482D-987F-3752F1C51DA1_17_4677,1,1
616C6970-6179-626F-7869-626561636F6A_16355_9554,1,1
616C6970-6179-626F-7869-626561636F6A_5325_24259,1,1
616C6970-6179-626F-7869-626561636F6A_62915_27020,1,1
6B76E28A-6FA2-48C9-8502-C1DAA388AB2C_28017_63988,1,1
6B76E28A-6FA2-48C9-8502-C1DAA388AB2C_28901_13024,1,1
6B76E28A-6FA2-48C9-8502-C1DAA388AB2C_31530_43350,1,1
6B76E28A-6FA2-48C9-8502-C1DAA388AB2C_36274_29824,1,1
6B76E28A-6FA2-48C9-8502-C1DAA388AB2C_51635_15211,1,1
6B76E28A-6FA2-48C9-8502-C1DAA388AB2C_60952_63450,1,1
6B76E28A-6FA2-48C9-8502-C1DAA388AB2C_62395_53476,1,1
800DB72B-5C3C-480B-B6F2-E7D5A7388E75_16160_2818,1,1
975FB7E9-1241-CE7C-0000-0A50CE022927_20790_264,1,1
975FB7E9-1241-CE7C-0000-0A50CE022927_20791_264,1,1
975FB7E9-1241-CE7C-0000-0A50CE022927_21777_776,1,1
975FB7E9-1241-CE7C-0000-0A50CE022927_21778_8,1,1
E7FC9D3C-EF01-4B70-B280-2CF6D50FA5CA_842_44348,1,1
FB349B5F-8000-0080-0010-00003CFE0000_2827_17568,1,1
FDA50693-A4E2-4FB1-AFCF-C6EB07647825_10187_63594,1,1
FDA50693-A4E2-4FB1-AFCF-C6EB07647825_10187_64102,1,1
