timestamp_ms,beacon_id,rssi_dbm,x_m,y_m,path_id,nearest_waypoint_gap_ms
1574135554430.0,FDA50693-A4E2-4FB1-AFCF-C6EB07647825_10073_61418,-90.0,47.23163259499184,64.8719132196516,5dd36ca744333f00067aa167,215.0
1574135563169.0,FDA50693-A4E2-4FB1-AFCF-C6EB07647825_10073_61418,-95.0,55.56087471441048,67.44072036419213,5dd36ca744333f00067aa167,445.0
1574135563682.0,FDA50693-A4E2-4FB1-AFCF-C6EB07647825_10073_61418,-98.0,55.998879087963665,67.85265145193036,5dd36ca744333f00067aa167,68.0
1574135565008.0,FDA50693-A4E2-4FB1-AFCF-C6EB07647825_10073_61418,-95.0,56.51490930325511,68.15824476457229,5dd36ca744333f00067aa167,1394.0
1574135568133.0,FDA50693-A4E2-4FB1-AFCF-C6EB07647825_10073_61418,-94.0,57.73104386040878,68.87844016578349,5dd36ca744333f00067aa167,4519.0
1574135595291.0,FDA50693-A4E2-4FB1-AFCF-C6EB07647825_10073_61418,-94.0,66.80602349402092,92.05237836098655,5dd36ca744333f00067aa167,1642.0
1574135606191.0,FDA50693-A4E2-4FB1-AFCF-C6EB07647825_10073_61418,-102.0,68.01029253296775,101.92585878104191,5dd36ca744333f00067aa167,689.0
1574135625783.0,FDA50693-A4E2-4FB1-AFCF-C6EB07647825_10073_61418,-100.0,52.40765099284785,95.75461849154746,5dd36ca744333f00067aa167,598.0
1574135628639.0,FDA50693-A4E2-4FB1-AFCF-C6EB07647825_10073_61418,-96.0,52.928770172992515,94.9154830570617,5dd36ca744333f00067aa167,1615.0
1574135642550.0,FDA50693-A4E2-4FB1-AFCF-C6EB07647825_10073_61418,-93.0,44.15977903340081,88.80680508603238,5dd36ca744333f00067aa167,1322.0
1574135651651.0,FDA50693-A4E2-4FB1-AFCF-C6EB07647825_10073_61418,-98.0,34.67745592361301,80.13759502459689,5dd36ca744333f00067aa167,1689.0
1574135657498.0,FDA50693-A4E2-4FB1-AFCF-C6EB07647825_10073_61418,-90.0,35.69168906543737,77.63575283561951,5dd36ca744333f00067aa167,289.0
1574135658532.0,FDA50693-A4E2-4FB1-AFCF-C6EB07647825_10073_61418,-91.0,35.268799698810426,77.73980682865097,5dd36ca744333f00067aa167,745.0
1574135667205.0,FDA50693-A4E2-4FB1-AFCF-C6EB07647825_10073_61418,-96.0,33.744111595053006,72.24037491166078,5dd36ca744333f00067aa167,4438.0
1574135668373.0,FDA50693-A4E2-4FB1-AFCF-C6EB07647825_10073_61418,-94.0,34.011643970217065,70.91946773346794,5dd36ca744333f00067aa167,3270.0
1574135670281.0,FDA50693-A4E2-4FB1-AFCF-C6EB07647825_10073_61418,-97.0,34.44867459676931,68.761684432105,5dd36ca744333f00067aa167,1362.0
1574135671591.0,FDA50693-A4E2-4FB1-AFCF-C6EB07647825_10073_61418,-94.0,34.74873231206462,67.2801875113579,5dd36ca744333f00067aa167,52.0
1574135672283.0,FDA50693-A4E2-4FB1-AFCF-C6EB07647825_10073_61418,-86.0,34.42359082285076,67.49142867882397,5dd36ca744333f00067aa167,640.0
1574135672634.0,FDA50693-A4E2-4FB1-AFCF-C6EB07647825_10073_61418,-91.0,34.23873876944548,67.63953350111649,5dd36ca744333f00067aa167,991.0
1574135686772.0,FDA50693-A4E2-4FB1-AFCF-C6EB07647825_10073_61418,-94.0,36.197549809725544,62.58089457008657,5dd36ca744333f00067aa167,641.0
1574135687205.0,FDA50693-A4E2-4FB1-AFCF-C6EB07647825_10073_61418,-91.0,36.49472953766808,62.7764961189906,5dd36ca744333f00067aa167,1074.0
1574137397352.0,FDA50693-A4E2-4FB1-AFCF-C6EB07647825_10073_61418,-95.0,188.9787423463163,100.78675856483655,5dd378b527889b0006b76900,241.0
1574139207439.0,FDA50693-A4E2-4FB1-AFCF-C6EB07647825_10073_61418,-92.0,168.2292285479526,79.98098346646013,5dd3793644333f00067aa1cc,887.0
1574139208192.0,FDA50693-A4E2-4FB1-AFCF-C6EB07647825_10073_61418,-83.0,167.30797808189655,78.92723634159483,5dd3793644333f00067aa1cc,1640.0
1574139213888.0,FDA50693-A4E2-4FB1-AFCF-C6EB07647825_10073_61418,-96.0,160.33926273706896,70.95626207435345,5dd3793644333f00067aa1cc,88.0
1574139217994.0,FDA50693-A4E2-4FB1-AFCF-C6EB07647825_10073_61418,-93.0,156.7864945130702,65.78640711635059,5dd3793644333f00067aa1cc,3786.0
1574139218252.0,FDA50693-A4E2-4FB1-AFCF-C6EB07647825_10073_61418,-97.0,156.56528067145052,65.46235270271656,5dd3793644333f00067aa1cc,3528.0
1574139219368.0,FDA50693-A4E2-4FB1-AFCF-C6EB07647825_10073_61418,-96.0,155.6084021937468,64.06062896002051,5dd3793644333f00067aa1cc,2412.0
1574139224461.0,FDA50693-A4E2-4FB1-AFCF-C6EB07647825_10073_61418,-94.0,152.76384280114974,61.12586326278199,5dd3793644333f00067aa1cc,2681.0
1574139230138.0,FDA50693-A4E2-4FB1-AFCF-C6EB07647825_10073_61418,-94.0,151.11967857590804,61.32653020564411,5dd3793644333f00067aa1cc,3123.0
1574139743201.0,FDA50693-A4E2-4FB1-AFCF-C6EB07647825_10073_61418,-82.0,150.69172127845482,62.04578263508853,5dd3794027889b0006b7691f,464.0
1574139745271.0,FDA50693-A4E2-4FB1-AFCF-C6EB07647825_10073_61418,-88.0,152.8175812922511,64.76204482179811,5dd3794027889b0006b7691f,2534.0
1574139745790.0,FDA50693-A4E2-4FB1-AFCF-C6EB07647825_10073_61418,-84.0,153.35058677397103,65.44307867440791,5dd3794027889b0006b7691f,3053.0
1574139750194.0,FDA50693-A4E2-4FB1-AFCF-C6EB07647825_10073_61418,-82.0,157.87343097723615,71.22202489192918,5dd3794027889b0006b7691f,1241.0
1574139753534.0,FDA50693-A4E2-4FB1-AFCF-C6EB07647825_10073_61418,-83.0,161.0837841984201,75.24143412116636,5dd3794027889b0006b7691f,2099.0
1574139758434.0,FDA50693-A4E2-4FB1-AFCF-C6EB07647825_10073_61418,-97.0,165.60295264637548,80.82300829635223,5dd3794027889b0006b7691f,1609.0
1574139768750.0,FDA50693-A4E2-4FB1-AFCF-C6EB07647825_10073_61418,-94.0,176.81138327963177,90.2446840621404,5dd3794027889b0006b7691f,1554.0
1574139787043.0,FDA50693-A4E2-4FB1-AFCF-C6EB07647825_10073_61418,-95.0,182.02670428834733,94.68176801658817,5dd3794027889b0006b7691f,1885.0
1574139795805.0,FDA50693-A4E2-4FB1-AFCF-C6EB07647825_10073_61418,-91.0,176.09241662080225,88.91194516557836,5dd3794027889b0006b7691f,691.0
1574139797089.0,FDA50693-A4E2-4FB1-AFCF-C6EB07647825_10073_61418,-94.0,174.87143565302785,88.23735886350246,5dd3794027889b0006b7691f,593.0
1574139798106.0,FDA50693-A4E2-4FB1-AFCF-C6EB07647825_10073_61418,-90.0,174.2834032569558,87.22263787561376,5dd3794027889b0006b7691f,1445.0
1574139798367.0,FDA50693-A4E2-4FB1-AFCF-C6EB07647825_10073_61418,-91.0,174.1324922880524,86.96222275482816,5dd3794027889b0006b7691f,1184.0
1574139802018.0,FDA50693-A4E2-4FB1-AFCF-C6EB07647825_10073_61418,-78.0,171.13051922422954,86.1020379119288,5dd3794027889b0006b7691f,2467.0
1574139802741.0,FDA50693-A4E2-4FB1-AFCF-C6EB07647825_10073_61418,-80.0,170.45136790648246,86.19616035308184,5dd3794027889b0006b7691f,3190.0
1574139813535.0,FDA50693-A4E2-4FB1-AFCF-C6EB07647825_10073_61418,-85.0,162.9467477639878,80.42253146388606,5dd3794027889b0006b7691f,3374.0
1574140786532.0,FDA50693-A4E2-4FB1-AFCF-C6EB07647825_10073_61418,-91.0,125.07815530822957,154.11998506529002,5dd37eec27889b0006b7698c,268.0
1574141147569.0,FDA50693-A4E2-4FB1-AFCF-C6EB07647825_10073_61418,-93.0,149.58100689969606,83.14422159270516,5dd37efb27889b0006b76994,966.0
1574141151689.0,FDA50693-A4E2-4FB1-AFCF-C6EB07647825_10073_61418,-98.0,146.62339488894315,84.23247445630949,5dd37efb27889b0006b76994,2783.0
1574308727971.0,FDA50693-A4E2-4FB1-AFCF-C6EB07647825_10073_61418,-97.0,136.31720620711698,94.1550530790539,5dd60b8950e04e0006f5669d,417.0
1574309216032.0,FDA50693-A4E2-4FB1-AFCF-C6EB07647825_10073_61418,-90.0,117.0282983395559,142.7311942955394,5dd60eced48f840006f14c55,1760.0
1574309225972.0,FDA50693-A4E2-4FB1-AFCF-C6EB07647825_10073_61418,-95.0,105.66757187763713,141.10563688185655,5dd60eced48f840006f14c55,541.0
1574309228587.0,FDA50693-A4E2-4FB1-AFCF-C6EB07647825_10073_61418,-94.0,102.43042131108052,140.1181198657949,5dd60eced48f840006f14c55,2074.0
1574309253826.0,FDA50693-A4E2-4FB1-AFCF-C6EB07647825_10073_61418,-91.0,97.9389617067583,135.03524929744177,5dd60eced48f840006f14c55,1060.0
1574309268751.0,FDA50693-A4E2-4FB1-AFCF-C6EB07647825_10073_61418,-91.0,112.04684663575313,143.40458789574674,5dd60eced48f840006f14c55,2796.0
1574309271340.0,FDA50693-A4E2-4FB1-AFCF-C6EB07647825_10073_61418,-89.0,114.81900575951391,144.34920445794694,5dd60eced48f840006f14c55,207.0
1574309294913.0,FDA50693-A4E2-4FB1-AFCF-C6EB07647825_10073_61418,-94.0,113.58297531130127,142.72819334907052,5dd60ed1d48f840006f14c57,3051.0
1574309295140.0,FDA50693-A4E2-4FB1-AFCF-C6EB07647825_10073_61418,-94.0,113.38187568309236,142.66731975017214,5dd60ed1d48f840006f14c57,2824.0
1574309295662.0,FDA50693-A4E2-4FB1-AFCF-C6EB07647825_10073_61418,-92.0,112.91943512835644,142.5273372892692,5dd60ed1d48f840006f14c57,2302.0
1574309296698.0,FDA50693-A4E2-4FB1-AFCF-C6EB07647825_10073_61418,-92.0,112.00164123045145,142.24951769253468,5dd60ed1d48f840006f14c57,1266.0
1574309298795.0,FDA50693-A4E2-4FB1-AFCF-C6EB07647825_10073_61418,-92.0,109.9394037552905,141.76485558676416,5dd60ed1d48f840006f14c57,831.0
1574309299838.0,FDA50693-A4E2-4FB1-AFCF-C6EB07647825_10073_61418,-85.0,108.75873497883802,141.58265765294345,5dd60ed1d48f840006f14c57,1874.0
1574309300101.0,FDA50693-A4E2-4FB1-AFCF-C6EB07647825_10073_61418,-93.0,108.46102080030781,141.5367151250481,5dd60ed1d48f840006f14c57,2137.0
1574309304054.0,FDA50693-A4E2-4FB1-AFCF-C6EB07647825_10073_61418,-94.0,104.07457322413794,140.68455693678163,5dd60ed1d48f840006f14c57,892.0
1574309309753.0,FDA50693-A4E2-4FB1-AFCF-C6EB07647825_10073_61418,-90.0,98.1876290474138,138.65640893534484,5dd60ed1d48f840006f14c57,369.0
1574309311581.0,FDA50693-A4E2-4FB1-AFCF-C6EB07647825_10073_61418,-93.0,98.2200204253366,137.30982961138312,5dd60ed1d48f840006f14c57,1459.0
1574309314989.0,FDA50693-A4E2-4FB1-AFCF-C6EB07647825_10073_61418,-91.0,96.94484783940071,135.1107438191615,5dd60ed1d48f840006f14c57,1599.0
1574309316286.0,FDA50693-A4E2-4FB1-AFCF-C6EB07647825_10073_61418,-93.0,95.49459081482455,134.54920026284663,5dd60ed1d48f840006f14c57,2896.0
1574309316556.0,FDA50693-A4E2-4FB1-AFCF-C6EB07647825_10073_61418,-90.0,95.19268688526743,134.43230222105402,5dd60ed1d48f840006f14c57,3166.0
1574309318317.0,FDA50693-A4E2-4FB1-AFCF-C6EB07647825_10073_61418,-88.0,93.22360236693389,133.66986721513996,5dd60ed1d48f840006f14c57,2682.0
1574309318904.0,FDA50693-A4E2-4FB1-AFCF-C6EB07647825_10073_61418,-91.0,92.56724086082271,133.4157222131686,5dd60ed1d48f840006f14c57,2095.0
1574309319180.0,FDA50693-A4E2-4FB1-AFCF-C6EB07647825_10073_61418,-96.0,92.25862795505323,133.29622643711394,5dd60ed1d48f840006f14c57,1819.0
1574309377113.0,FDA50693-A4E2-4FB1-AFCF-C6EB07647825_10073_61418,-98.0,88.46739645202989,161.25494887901434,5dd60ed37da0810006e23f9d,2417.0
1574309386334.0,FDA50693-A4E2-4FB1-AFCF-C6EB07647825_10073_61418,-98.0,95.77162860048328,168.49405203383003,5dd60ed37da0810006e23f9d,1743.0
1574309388696.0,FDA50693-A4E2-4FB1-AFCF-C6EB07647825_10073_61418,-97.0,98.47746564789688,169.47475913161466,5dd60ed37da0810006e23f9d,619.0
